name,value,type
zeta,1.169812563174688,mle
P_0,2.5326530612244884,mle
alpha,0.1935659566642284,mle
tau,0.14151329226351703,mle
